sex_bin,selection_rate
0,0.05754950495049505
1,0.10478812911121309
