sex_bin,selection_rate
0,0.05693069306930693
1,0.10142267094997705
