{
  "model": "LogisticRegression(liblinear)",
  "random_seed": 0,
  "test_size": 0.2,
  "threshold": 0.5,
  "accuracy": 0.7986487869792199,
  "f1": 0.3824175824175824,
  "roc_auc": 0.5633660874801524,
  "n_train": 39073,
  "n_test": 9769
}