sex_bin,income_bin,n,weight_mean,weight_std,weight_min,weight_max
0,0,11537,0.8545600857025473,0.0,0.8545600857025473,0.8545600857025473
0,1,1423,2.1791569158466,0.0,2.1791569158466,2.1791569158466
1,0,18187,1.0922604217985217,0.0,1.0922604217985217,1.0922604217985217
1,1,7926,0.7882992314850225,0.0,0.7882992314850225,0.7882992314850225
